<?xml version="1.0" encoding="UTF-8"?>
<CustomMetadata xmlns="http://soap.sforce.com/2006/04/metadata">
    <label>Consumer_Key</label>
    <protected>false</protected>
    <values>
        <field>Key__c</field>
        <value xsi:type="xsd:string" xmlns:xsi="http://www.w3.org/2001/XMLSchema-instance" xmlns:xsd="http://www.w3.org/2001/XMLSchema">Consumer_Key</value>
    </values>
    <values>
        <field>Value__c</field>
        <value xsi:type="xsd:string" xmlns:xsi="http://www.w3.org/2001/XMLSchema-instance" xmlns:xsd="http://www.w3.org/2001/XMLSchema">3MVG9OGq41FnYVsG20wX7wgi7RbWebChL05O2tkEgwPz6gUvowRxYuSR_bTEWMIK.vreHB8kCA1OY.sktF3zK</value>
    </values>
</CustomMetadata>
