<?xml version="1.0" encoding="UTF-8"?>
<CustomMetadata xmlns="http://soap.sforce.com/2006/04/metadata">
    <label>Grant_Type_CDP</label>
    <protected>false</protected>
    <values>
        <field>Key__c</field>
        <value xsi:type="xsd:string" xmlns:xsi="http://www.w3.org/2001/XMLSchema-instance" xmlns:xsd="http://www.w3.org/2001/XMLSchema">Grant_Type_CDP</value>
    </values>
    <values>
        <field>Value__c</field>
        <value xsi:type="xsd:string" xmlns:xsi="http://www.w3.org/2001/XMLSchema-instance" xmlns:xsd="http://www.w3.org/2001/XMLSchema">urn:salesforce:grant-type:external:cdp</value>
    </values>
</CustomMetadata>
