<?xml version="1.0" encoding="UTF-8"?>
<CustomMetadata xmlns="http://soap.sforce.com/2006/04/metadata" xmlns:xsi="http://www.w3.org/2001/XMLSchema-instance" xmlns:xsd="http://www.w3.org/2001/XMLSchema">
    <label>JWT_Audience</label>
    <protected>false</protected>
    <values>
        <field>Key__c</field>
        <value xsi:type="xsd:string">JWT_Audience</value>
    </values>
    <values>
        <field>Value__c</field>
        <value xsi:type="xsd:string">https://login.salesforce.com</value>
    </values>
</CustomMetadata>
