<?xml version="1.0" encoding="UTF-8"?>
<CustomMetadata xmlns="http://soap.sforce.com/2006/04/metadata" xmlns:xsi="http://www.w3.org/2001/XMLSchema-instance" xmlns:xsd="http://www.w3.org/2001/XMLSchema">
    <label>Calculated Insight</label>
    <protected>false</protected>
    <values>
        <field>Base_Url__c</field>
        <value xsi:nil="true"/>
    </values>
    <values>
        <field>Http_Method__c</field>
        <value xsi:type="xsd:string">GET</value>
    </values>
    <values>
        <field>Request_Body__c</field>
        <value xsi:nil="true"/>
    </values>
    <values>
        <field>Synch_Endpoint__c</field>
        <value xsi:type="xsd:string">/api/v1/insight/calculated-insights</value>
    </values>
    <values>
        <field>limit__c</field>
        <value xsi:type="xsd:double">10.0</value>
    </values>
    <values>
        <field>offset__c</field>
        <value xsi:type="xsd:double">10.0</value>
    </values>
    <values>
        <field>orderby__c</field>
        <value xsi:type="xsd:string">id__c</value>
    </values>
</CustomMetadata>
