<?xml version="1.0" encoding="UTF-8"?>
<CustomField xmlns="http://soap.sforce.com/2006/04/metadata">
    <fullName>Calculated_Insight__c</fullName>
    <deleteConstraint>SetNull</deleteConstraint>
    <label>Calculated Insight</label>
    <referenceTo>Calculated_Insight__c</referenceTo>
    <relationshipLabel>Insight Fields</relationshipLabel>
    <relationshipName>Insight_Fields</relationshipName>
    <required>false</required>
    <trackHistory>false</trackHistory>
    <trackTrending>false</trackTrending>
    <type>Lookup</type>
</CustomField>
