<?xml version="1.0" encoding="UTF-8"?>
<CustomField xmlns="http://soap.sforce.com/2006/04/metadata">
    <fullName>Measure_Dimension__c</fullName>
    <label>Measure / Dimension</label>
    <required>false</required>
    <trackHistory>false</trackHistory>
    <trackTrending>false</trackTrending>
    <type>Picklist</type>
    <valueSet>
        <restricted>true</restricted>
        <valueSetDefinition>
            <sorted>false</sorted>
            <value>
                <fullName>Measure</fullName>
                <default>false</default>
                <label>Measure</label>
            </value>
            <value>
                <fullName>Dimension</fullName>
                <default>false</default>
                <label>Dimension</label>
            </value>
        </valueSetDefinition>
    </valueSet>
</CustomField>
